[
    {
        "id": 1,
        "image": "assets/images/nft-item/01.jpg",
        "wishlist": "1.3",
        "expiredate": "2023-01-25",
        "title": "Walking On Air",
        "stock": "12",
        "price": "0.34",
        "category": "Art",
        "tags": "BSC | Polygone | Cronos | For Sell | For Collect | Trending | Dark Cat Mewo | Space_Riderz | Mimi_chika chao | Trending_Sculpture",
        "owners": [
            {
                "id":"1",
                "name":"",
                "image":"assets/images/seller/collector-1.png",
                "verified": false,
                "prfileLink":"/"
            },
            {
                "id":"2",
                "name":"Jhon Doe",
                "image":"assets/images/seller/collector-2.png",
                "verified": true,
                "prfileLink":"/"
            }
        ]
       
    },
    {
        "id": 2,
        "image": "assets/images/nft-item/02.jpg",
        "wishlist": "4.3",
        "expiredate": "2022-12-26",
        "title": "Fly'n Higher space",
        "stock": "12",
        "price": "0.39",
        "category": "Art",
        "tags": "Ethereum | Polygone | Cronos | For Sell | For Collect | Trending | Dark Cat Mewo | Space_Riderz | Mimi_chika chao | Trending_Sculpture",
        "owners": [
            {
                "id":"3",
                "name":"",
                "image":"assets/images/seller/collector-5.png",
                "verified": false,
                "prfileLink":"/"
            },
            {
                "id":"4",
                "name":"Xofor#-4",
                "image":"assets/images/seller/collector-4.png",
                "verified": true,
                "prfileLink":"/"
            }
        ]
       
    },
    {
        "id": 3,
        "image": "assets/images/nft-item/03.jpg",
        "wishlist": "1.3",
        "expiredate": "2022-10-26",
        "title": "Dodo je Aliener Walk",
        "stock": "5",
        "price": "0.64",
        "category": "Art",
        "tags": "Ethereum | BSC | Cronos | For Sell | For Collect | Trending | Dark Cat Mewo | Space_Riderz | Mimi_chika chao | Trending_Sculpture",
        "owners": [
            {
                "id":"5",
                "name":"",
                "image":"assets/images/seller/collector-3.png",
                "verified": false,
                "prfileLink":"/"
            },
            {
                "id":"6",
                "name":"Elix_Qe",
                "image":"assets/images/seller/collector-6.png",
                "verified": true,
                "prfileLink":"/"
            }
        ]
       
    },
    {
        "id": 4,
        "image": "assets/images/nft-item/04.jpg",
        "wishlist": "1.3",
        "expiredate": "2023-03-26",
        "title": "MimiChika Cartos",
        "stock": "17",
        "price": "0.94",
        "category": "Virtual World",
        "tags": "Ethereum | BSC | Polygone | For Sell | For Collect | Trending | Dark Cat Mewo | Space_Riderz | Mimi_chika chao | Trending_Sculpture",
        "owners": [
            {
                "id":"7",
                "name":"Mimi_Chao",
                "image":"assets/images/seller/collector-7.png",
                "verified": true,
                "prfileLink":"/"
            }
        ]
       
    },
    {
        "id": 5,
        "image": "assets/images/nft-item/05.jpg",
        "wishlist": "1.3",
        "expiredate": "2023-04-26",
        "title": "Walking On Air",
        "stock": "12",
        "price": ".034",
        "category": "Virtual World",
        "tags": "Ethereum | BSC | Polygone | Cronos | For Collect | Trending | Dark Cat Mewo | Space_Riderz | Mimi_chika chao | Trending_Sculpture",
        "owners": [
            {
                "id":"8",
                "name":"",
                "image":"assets/images/seller/collector-1.png",
                "verified": false,
                "prfileLink":"/"
            },
            {
                "id":"9",
                "name":"Jhon Doe",
                "image":"assets/images/seller/collector-2.png",
                "verified": true,
                "prfileLink":"/"
            }
        ]
       
    },
    {
        "id": 6,
        "image": "assets/images/nft-item/06.jpg",
        "wishlist": "1.3",
        "expiredate": "2023-04-26",
        "title": "Walking On Air",
        "stock": "12",
        "price": ".034",
        "category": "Virtual World",
        "tags": "Ethereum | BSC | Polygone | Cronos | For Sell | For Collect | Trending | Dark Cat Mewo | Space_Riderz | Mimi_chika chao | Trending_Sculpture",
        "owners": [
            {
                "id":"8",
                "name":"",
                "image":"assets/images/seller/collector-1.png",
                "verified": false,
                "prfileLink":"/"
            },
            {
                "id":"9",
                "name":"Jhon Doe",
                "image":"assets/images/seller/collector-2.png",
                "verified": true,
                "prfileLink":"/"
            }
        ]
       
    },
    {
        "id": 7,
        "image": "assets/images/nft-item/07.jpg",
        "wishlist": "1.3",
        "expiredate": "2023-04-26",
        "title": "Walking On Air",
        "stock": "12",
        "price": ".034",
        "category": "Cards",
        "tags": "Ethereum | BSC | Polygone | Cronos | For Sell | For Collect | Trending | Dark Cat Mewo | Space_Riderz | Mimi_chika chao | Trending_Sculpture",
        "owners": [
            {
                "id":"8",
                "name":"",
                "image":"assets/images/seller/collector-1.png",
                "verified": false,
                "prfileLink":"/"
            },
            {
                "id":"9",
                "name":"Jhon Doe",
                "image":"assets/images/seller/collector-2.png",
                "verified": true,
                "prfileLink":"/"
            }
        ]
       
    },
    {
        "id": 8,
        "image": "assets/images/nft-item/08.jpg",
        "wishlist": "1.3",
        "expiredate": "2023-04-26",
        "title": "Walking On Air",
        "stock": "12",
        "price": ".034",
        "category": "Cards",
        "tags": "Ethereum | BSC | Polygone | Cronos | For Sell | For Collect | Trending | Dark Cat Mewo | Space_Riderz | Mimi_chika chao | Trending_Sculpture",
        "owners": [
            {
                "id":"8",
                "name":"",
                "image":"assets/images/seller/collector-1.png",
                "verified": false,
                "prfileLink":"/"
            },
            {
                "id":"9",
                "name":"Jhon Doe",
                "image":"assets/images/seller/collector-2.png",
                "verified": true,
                "prfileLink":"/"
            }
        ]
       
    },
    {
        "id": 9,
        "image": "assets/images/nft-item/09.jpg",
        "wishlist": "1.3",
        "expiredate": "2023-04-26",
        "title": "Walking On Air",
        "stock": "12",
        "price": ".034",
        "category": "Cards",
        "tags": "Ethereum | BSC | Polygone | Cronos | For Sell | For Collect | Trending | Dark Cat Mewo | Space_Riderz | Mimi_chika chao | Trending_Sculpture",
        "owners": [
            {
                "id":"8",
                "name":"",
                "image":"assets/images/seller/collector-1.png",
                "verified": false,
                "prfileLink":"/"
            },
            {
                "id":"9",
                "name":"Jhon Doe",
                "image":"assets/images/seller/collector-2.png",
                "verified": true,
                "prfileLink":"/"
            }
        ]
       
    },
    {
        "id": 10,
        "image": "assets/images/nft-item/10.jpg",
        "wishlist": "1.3",
        "expiredate": "2023-04-26",
        "title": "Walking On Air",
        "stock": "12",
        "price": ".034",
        "category": "Cards",
        "tags": "Ethereum | BSC | Polygone | Cronos | For Sell | For Collect | Trending | Dark Cat Mewo | Space_Riderz | Mimi_chika chao | Trending_Sculpture",
        "owners": [
            {
                "id":"8",
                "name":"",
                "image":"assets/images/seller/collector-1.png",
                "verified": false,
                "prfileLink":"/"
            },
            {
                "id":"9",
                "name":"Jhon Doe",
                "image":"assets/images/seller/collector-2.png",
                "verified": true,
                "prfileLink":"/"
            }
        ]
       
    },
    {
        "id": 11,
        "image": "assets/images/nft-item/03.jpg",
        "wishlist": "1.3",
        "expiredate": "2023-04-26",
        "title": "Walking On Air",
        "stock": "12",
        "price": ".034",
        "category": "Collectibles",
        "tags": "Ethereum | BSC | Polygone | Cronos | For Sell | For Collect | Trending | Dark Cat Mewo | Space_Riderz | Mimi_chika chao | Trending_Sculpture",
        "owners": [
            {
                "id":"8",
                "name":"",
                "image":"assets/images/seller/collector-1.png",
                "verified": false,
                "prfileLink":"/"
            },
            {
                "id":"9",
                "name":"Jhon Doe",
                "image":"assets/images/seller/collector-2.png",
                "verified": true,
                "prfileLink":"/"
            }
        ]
       
    },
    {
        "id": 12,
        "image": "assets/images/nft-item/07.jpg",
        "wishlist": "1.3",
        "expiredate": "2023-04-26",
        "title": "Walking On Air",
        "stock": "12",
        "price": ".034",
        "category": "Collectibles",
        "tags": "Ethereum | BSC | Polygone | Cronos | For Sell | For Collect | Trending | Dark Cat Mewo | Space_Riderz | Mimi_chika chao | Trending_Sculpture",
        "owners": [
            {
                "id":"8",
                "name":"",
                "image":"assets/images/seller/collector-1.png",
                "verified": false,
                "prfileLink":"/"
            },
            {
                "id":"9",
                "name":"Jhon Doe",
                "image":"assets/images/seller/collector-2.png",
                "verified": true,
                "prfileLink":"/"
            }
        ]
       
    },
    {
        "id": 13,
        "image": "assets/images/nft-item/05.gif",
        "wishlist": "1.3",
        "expiredate": "2023-04-26",
        "title": "Fly'n Higher space",
        "stock": "12",
        "price": ".034",
        "category": "Collectibles",
        "tags": "Ethereum | BSC | Polygone | Cronos | For Sell | For Collect | Trending | Dark Cat Mewo | Space_Riderz | Mimi_chika chao | Trending_Sculpture",
        "owners": [
            {
                "id":"10",
                "name":"",
                "image":"assets/images/seller/collector-5.png",
                "verified": false,
                "prfileLink":"/"
            },
            {
                "id":"11",
                "name":"Jhon Doe",
                "image":"assets/images/seller/collector-4.gif",
                "verified": true,
                "prfileLink":"/"
            }
        ]
       
    },
    {
        "id": 14,
        "image": "assets/images/nft-item/02.jpg",
        "wishlist": "1.3",
        "expiredate": "2023-04-26",
        "title": "Dodo je Aliener Walk",
        "stock": "12",
        "price": ".034",
        "category": "Sports",
        "tags": "Ethereum | BSC | Polygone | Cronos | For Sell | For Collect | Trending | Dark Cat Mewo | Space_Riderz | Mimi_chika chao | Trending_Sculpture",
        "owners": [
            {
                "id":"12",
                "name":"",
                "image":"assets/images/seller/collector-1.gif",
                "verified": false,
                "prfileLink":"/"
            },
            {
                "id":"13",
                "name":"Jhon Doe",
                "image":"assets/images/seller/collector-6.png",
                "verified": true,
                "prfileLink":"/"
            }
        ]
       
    },
    {
        "id": 15,
        "image": "assets/images/nft-item/05.jpg",
        "wishlist": "1.3",
        "expiredate": "2023-04-26",
        "title": "Dodo je Aliener Walk",
        "stock": "12",
        "price": ".034",
        "category": "Sports",
        "tags": "Ethereum | BSC | Polygone | Cronos | For Sell | For Collect | Trending | Dark Cat Mewo | Space_Riderz | Mimi_chika chao | Trending_Sculpture",
        "owners": [
            {
                "id":"12",
                "name":"",
                "image":"assets/images/seller/collector-1.gif",
                "verified": false,
                "prfileLink":"/"
            },
            {
                "id":"13",
                "name":"Jhon Doe",
                "image":"assets/images/seller/collector-6.png",
                "verified": true,
                "prfileLink":"/"
            }
        ]
       
    }
    
    
    
    
]