[

    {
        "id":"1",
        "name":"Gihan Fernindo",
        "image":"assets/images/seller/collector-1.png",
        "thumbnail":"assets/images/nft-item/style-2/01.jpg",
        "verified": true,
        "prfileLink":"/",
        "collected":"3,002.98",
        "increament":38.78,
        "sales":"25004"
    },
    {
        "id":"2",
        "name":"X31le eko Fernindo",
        "image":"assets/images/seller/collector-2.gif",
        "thumbnail":"assets/images/nft-item/style-2/02.jpg",
        "verified": true,
        "prfileLink":"/",
        "collected":"12,002.48",
        "increament":-2.78,
        "sales":"22004"
        
    },
    {
        "id":"3",
        "name":"Jhon Doe",
        "image":"assets/images/seller/collector-2.png",
        "thumbnail":"assets/images/nft-item/style-2/03.jpg",
        "verified": true,
        "prfileLink":"/",
        "collected":"3,002.98",
        "increament":18.8,
        "sales":"20000"
    },
    {
        "id":"4",
        "name":"nazmulKhalid",
        "image":"assets/images/seller/collector-10.png",
        "thumbnail":"assets/images/nft-item/style-2/02.gif",
        "verified": true,
        "prfileLink":"/",
        "collected":"23,002.98",
        "increament":3.7,
        "sales":"19500"
        
    },
    {
        "id":"5",
        "name":"Imao XO9",
        "image":"assets/images/seller/collector-8.png",
        "thumbnail":"assets/images/nft-item/style-2/06.jpg",
        "verified": true,
        "prfileLink":"/",
        "collected":"20,02.98",
        "increament":48.38,
        "sales":"19000"
    },
    {
        "id":"6",
        "name":"rasselmrh",
        "image":"assets/images/seller/collector-4.gif",
        "thumbnail":"assets/images/nft-item/style-2/01.gif",
        "verified": true,
        "prfileLink":"/",
        "collected":"23,002.98",
        "increament":-8.78,
        "sales":"18900"
    },
    {
        "id":"7",
        "name":"5eo Le1",
        "image":"assets/images/seller/collector-6.png",
        "thumbnail":"assets/images/nft-item/style-2/05.jpg",
        "verified": true,
        "prfileLink":"/",
        "collected":"93,002.98",
        "increament":88.78,
        "sales":"18000"
    },
    {
        "id":"8",
        "name":"Alex joe",
        "image":"assets/images/seller/collector-3.gif",
        "thumbnail":"assets/images/nft-item/style-2/04.jpg",
        "verified": true,
        "prfileLink":"/",
        "collected":"23,002.98",
        "increament":-23.81,
        "sales":"17900"
    },
    {
        "id":"9",
        "name":"rocket_3 #s0s",
        "image":"assets/images/seller/collector-3.gif",
        "thumbnail":"assets/images/nft-item/style-2/07.jpg",
        "verified": true,
        "prfileLink":"/",
        "collected":"3,002.98",
        "increament":31.78,
        "sales":"17100"
    },
    {
        "id":"10",
        "name":"dfkjeo se1",
        "image":"assets/images/seller/collector-6.png",
        "thumbnail":"assets/images/nft-item/style-2/08.jpg",
        "verified": true,
        "prfileLink":"/",
        "collected":"3,002.98",
        "increament":31.78,
        "sales":"17000"
    },
    {
        "id":"11",
        "name":"Rnah rnindo",
        "image":"assets/images/seller/collector-7.png",
        "thumbnail":"assets/images/nft-item/style-2/09.jpg",
        "verified": true,
        "prfileLink":"/",
        "collected":"3,002.98",
        "increament":31.78,
        "sales":"16800"
    },
    {
        "id":"12",
        "name":"rblo dfd# o",
        "image":"assets/images/seller/collector-9.png",
        "thumbnail":"assets/images/nft-item/style-2/10.jpg",
        "verified": true,
        "prfileLink":"/",
        "collected":"3,002.98",
        "increament":31.78,
        "sales":"16500"
    }

    
    
    
]