[
    {
        "id":1,
        "title":"Set Up Your Wallet",
        "text":"Once you've set up your wallet of choice, connect it to NFTically by clicking the wallet icon in the top right corner. Learn about the wallets we support.",
        "image":"assets/images/nft-item/style-3/01.png"
    },
    {
        "id":2,
        "title":"Creat Your Collection",
        "text":"Click Create and set up your collection. Add social links, a description, profile & banner images, and set a secondary sales fee.",
        "image":"assets/images/nft-item/style-3/02.png"
    },
    {
        "id":3,
        "title":"Add Your NFTs",
        "text":"Upload your work (image, video, audio, or 3D art), add a title and description, and customize your NFTs with properties, stats, and unlockable content.",
        "image":"assets/images/nft-item/style-3/03.png"
    },
    {
        "id":4,
        "title":"List Them For Sale",
        "text":"Choose between auctions, fixed-price listings, and declining-price listings. You choose how you want to sell your NFTs, and we help you sell them!",
        "image":"assets/images/nft-item/style-3/04.png"
    }
]